name,loc
AREA_OF_A_HEXAGON.c,4
BELL_NUMBERS_NUMBER_OF_WAYS_TO_PARTITION_A_SET.c,14
CHECK_IF_STRING_REMAINS_PALINDROME_AFTER_REMOVING_GIVEN_NUMBER_OF_CHARACTERS.c,6
CHECK_GIVEN_STRING_ROTATION_PALINDROME.c,7
CHECK_LARGE_NUMBER_DIVISIBLE_11_NOT.c,12
CHECK_LARGE_NUMBER_DIVISIBLE_3_NOT.c,9
CALCULATE_MAXIMUM_VALUE_USING_SIGN_TWO_NUMBERS_STRING.c,11
CHECK_LARGE_NUMBER_DIVISIBLE_6_NOT.c,10
CHECK_LARGE_NUMBER_DIVISIBLE_9_NOT.c,9
CHECK_IF_A_NUMBER_IS_POWER_OF_ANOTHER_NUMBER.c,7
CHANGE_BITS_CAN_MADE_ONE_FLIP_1.c,9
CHECK_INTEGER_OVERFLOW_MULTIPLICATION.c,7
CHECK_LARGE_NUMBER_DIVISIBLE_4_NOT.c,9
CHECK_POSSIBLE_TRANSFORM_ONE_STRING_ANOTHER.c,29
CHECK_OCCURRENCES_CHARACTER_APPEAR_TOGETHER.c,14
CHECK_WHETHER_ARITHMETIC_PROGRESSION_CAN_FORMED_GIVEN_ARRAY.c,10
CHECK_STRING_FOLLOWS_ANBN_PATTERN_NOT.c,14
CHECK_REVERSING_SUB_ARRAY_MAKE_ARRAY_SORTED.c,23
CHOCOLATE_DISTRIBUTION_PROBLEM.c,19
CHECK_WHETHER_GIVEN_DEGREES_VERTICES_REPRESENT_GRAPH_TREE.c,8
COMPUTE_NCR_P_SET_1_INTRODUCTION_AND_DYNAMIC_PROGRAMMING_SOLUTION.c,14
CONVERTING_ONE_STRING_USING_APPEND_DELETE_LAST_OPERATIONS.c,13
COUNTS_PATHS_POINT_REACH_ORIGIN_1.c,16
COUNTING_PAIRS_PERSON_CAN_FORM_PAIR_ONE_1.c,9
COUNT_CHARACTERS_STRING_DISTANCE_ENGLISH_ALPHABETS.c,11
COUNT_DERANGEMENTS_PERMUTATION_SUCH_THAT_NO_ELEMENT_APPEARS_IN_ITS_ORIGINAL_POSITION_1.c,11
COUNT_EVEN_LENGTH_BINARY_SEQUENCES_WITH_SAME_SUM_OF_FIRST_AND_SECOND_HALF_BITS_1.c,11
COUNT_NUMBER_BINARY_STRINGS_WITHOUT_CONSECUTIVE_1S.c,12
COUNT_NUMBER_INCREASING_SUBSEQUENCES_SIZE_K.c,26
COUNT_MINIMUM_NUMBER_SUBSETS_SUBSEQUENCES_CONSECUTIVE_NUMBERS.c,11
COUNT_NUMBER_WAYS_TILE_FLOOR_SIZE_N_X_M_USING_1_X_M_SIZE_TILES.c,13
COUNT_POSSIBLE_GROUPS_SIZE_2_3_SUM_MULTIPLE_3.c,17
COUNT_PALINDROMIC_SUBSEQUENCE_GIVEN_STRING.c,21
COUNT_POSSIBLE_PATHS_TOP_LEFT_BOTTOM_RIGHT_NXM_MATRIX_1.c,18
COUNT_POSSIBLE_WAYS_TO_CONSTRUCT_BUILDINGS.c,15
COUNT_CHARACTERS_POSITION_ENGLISH_ALPHABETS.c,8
COUNT_ROTATIONS_DIVISIBLE_8.c,29
COUNT_DISTINCT_OCCURRENCES_AS_A_SUBSEQUENCE.c,23
COUNT_STRINGS_ADJACENT_CHARACTERS_DIFFERENCE_ONE.c,21
COUNT_STRINGS_WITH_CONSECUTIVE_1S.c,12
COUNT_NUMBER_OF_WAYS_TO_FILL_A_N_X_4_GRID_USING_1_X_4_TILES.c,13
COUNT_NUMBER_OF_WAYS_TO_COVER_A_DISTANCE_1.c,9
COUNT_PAIRS_DIFFERENCE_EQUAL_K_1.c,17
COUNT_OFDIFFERENT_WAYS_EXPRESS_N_SUM_1_3_4.c,10
COUNT_WAYS_BUILD_STREET_GIVEN_CONSTRAINTS.c,13
COUNT_PALINDROME_SUB_STRINGS_STRING.c,31
COUNT_POSSIBLE_PATHS_TOP_LEFT_BOTTOM_RIGHT_NXM_MATRIX_3.c,11
C_PROGRAM_FACTORIAL_NUMBER_1.c,8
C_PROGRAM_FACTORIAL_NUMBER_2.c,4
COUNT_SUBSTRINGS_WITH_SAME_FIRST_AND_LAST_CHARACTERS.c,11
DOUBLE_FACTORIAL_1.c,10
DICE_THROW_PROBLEM.c,16
DIFFERENCE_BETWEEN_HIGHEST_AND_LEAST_FREQUENCIES_IN_AN_ARRAY.c,19
DECIMAL_REPRESENTATION_GIVEN_BINARY_STRING_DIVISIBLE_10_NOT.c,19
DELANNOY_NUMBER_1.c,16
DOUBLE_FACTORIAL.c,5
DIFFERENCE_MAXIMUM_SUM_MINIMUM_SUM_N_M_ELEMENTSIN_REVIEW.c,12
DYNAMIC_PROGRAMMING_SET_36_CUT_A_ROPE_TO_MAXIMIZE_PRODUCT_1.c,10
DICE_THROW_PROBLEM_1.c,17
DIFFERENT_WAYS_SUM_N_USING_NUMBERS_GREATER_EQUAL_M.c,17
EFFICIENTLY_FIND_FIRST_REPEATED_CHARACTER_STRING_WITHOUT_USING_ADDITIONAL_DATA_STRUCTURE_ONE_TRAVERSAL.c,12
EFFICIENT_WAY_TO_MULTIPLY_WITH_7.c,4
ELEMENTS_TO_BE_ADDED_SO_THAT_ALL_ELEMENTS_OF_A_RANGE_ARE_PRESENT_IN_ARRAY.c,9
EULERIAN_NUMBER_1.c,18
FIND_A_TRIPLET_THAT_SUM_TO_A_GIVEN_VALUE_1.c,20
FIND_FIRST_NATURAL_NUMBER_WHOSE_FACTORIAL_DIVISIBLE_X.c,12
EVEN_FIBONACCI_NUMBERS_SUM.c,14
FIND_MAXIMUM_DOT_PRODUCT_TWO_ARRAYS_INSERTION_0S.c,11
FIND_MAXIMUM_HEIGHT_PYRAMID_FROM_THE_GIVEN_ARRAY_OF_OBJECTS.c,23
FIND_MAXIMUM_PRODUCT_OF_A_TRIPLET_IN_ARRAY_1.c,6
FIND_MINIMUM_DIFFERENCE_PAIR_1.c,9
FIND_MINIMUM_RADIUS_ATLEAST_K_POINT_LIE_INSIDE_CIRCLE.c,9
FIND_NUMBER_PAIRS_ARRAY_XOR_0.c,19
FIND_ONE_EXTRA_CHARACTER_STRING_1.c,15
FIND_PATTERNS_101_GIVEN_STRING.c,14
FIND_POSITION_GIVEN_NUMBER_AMONG_NUMBERS_MADE_4_7.c,14
FIND_SUM_EVEN_INDEX_BINOMIAL_COEFFICIENTS.c,20
FIND_SUM_EVEN_INDEX_BINOMIAL_COEFFICIENTS_1.c,4
FIND_EQUAL_POINT_STRING_BRACKETS.c,30
FIND_LAST_DIGIT_FACTORIAL_DIVIDES_FACTORIAL_B.c,12
FIRST_UPPERCASE_LETTER_IN_A_STRING_ITERATIVE_AND_RECURSIVE.c,7
FIND_LARGEST_D_IN_ARRAY_SUCH_THAT_A_B_C_D.c,29
FREQUENT_ELEMENT_ARRAY.c,22
FIND_WHETHER_AN_ARRAY_IS_SUBSET_OF_ANOTHER_ARRAY_SET_1_1.c,16
GIVEN_LARGE_NUMBER_CHECK_SUBSEQUENCE_DIGITS_DIVISIBLE_8_1.c,27
HIGHWAY_BILLBOARD_PROBLEM.c,20
HORNERS_METHOD_POLYNOMIAL_EVALUATION.c,8
HOW_TO_COMPUTE_MOD_OF_A_BIG_NUMBER.c,8
HOW_TO_PRINT_MAXIMUM_NUMBER_OF_A_USING_GIVEN_FOUR_KEYS.c,16
HOW_TO_TURN_OFF_A_PARTICULAR_BIT_IN_A_NUMBER.c,5
HYPERCUBE_GRAPH.c,5
FRIENDS_PAIRING_PROBLEM.c,11
LCS_FORMED_CONSECUTIVE_SEGMENTS_LEAST_LENGTH_K.c,25
LEONARDO_NUMBER_1.c,9
LONGEST_COMMON_SUBSTRING_SPACE_OPTIMIZED_DP_SOLUTION.c,28
LONGEST_PREFIX_ALSO_SUFFIX_1.c,26
FIND_WHETHER_AN_ARRAY_IS_SUBSET_OF_ANOTHER_ARRAY_SET_1.c,16
FRIENDS_PAIRING_PROBLEM_2.c,15
MAXIMUM_BINOMIAL_COEFFICIENT_TERM_VALUE.c,19
MAXIMUM_CONSECUTIVE_REPEATING_CHARACTER_STRING.c,22
MAXIMUM_CONSECUTIVE_REPEATING_CHARACTER_STRING_1.c,20
K_NUMBERS_DIFFERENCE_MAXIMUM_MINIMUM_K_NUMBER_MINIMIZED.c,9
LONGEST_REPEATING_SUBSEQUENCE.c,21
MAXIMUM_POSSIBLE_DIFFERENCE_TWO_SUBSETS_ARRAY_1.c,13
MAXIMUM_PRODUCT_SUBSET_ARRAY.c,26
MAXIMUM_REMOVAL_FROM_ARRAY_WHEN_REMOVAL_TIME_WAITING_TIME.c,15
MAXIMUM_PRODUCT_SUBARRAY_ADDED_NEGATIVE_PRODUCT_CASE.c,30
MAXIMUM_SUM_ALTERNATING_SUBSEQUENCE_SUM.c,31
MAXIMUM_SUM_PAIRS_SPECIFIC_DIFFERENCE.c,16
MAXIMUM_SUM_PAIRS_SPECIFIC_DIFFERENCE_1.c,15
MAXIMUM_TRIPLET_SUM_ARRAY_1.c,5
MAXIMUM_TRIPLET_SUM_ARRAY_2.c,19
MINIMAL_OPERATIONS_MAKE_NUMBER_MAGICAL.c,39
MINIMIZE_SUM_PRODUCT_TWO_ARRAYS_PERMUTATIONS_ALLOWED.c,10
MINIMUM_COST_FOR_ACQUIRING_ALL_COINS_WITH_K_EXTRA_COINS_ALLOWED_WITH_EVERY_COIN.c,10
MINIMUM_CHARACTERS_ADDED_FRONT_MAKE_STRING_PALINDROME.c,11
MINIMUM_DIFFERENCE_MAX_MIN_K_SIZE_SUBSETS.c,12
MINIMUM_INSERTIONS_TO_FORM_A_PALINDROME_WITH_PERMUTATIONS_ALLOWED.c,14
MINIMUM_NUMBER_PLATFORMS_REQUIRED_RAILWAYBUS_STATION.c,19
MINIMUM_NUMBER_SUBSETS_DISTINCT_ELEMENTS.c,18
MINIMUM_PRODUCT_SUBSET_ARRAY.c,28
MINIMUM_STEPS_TO_DELETE_A_STRING_AFTER_REPEATED_DELETION_OF_PALINDROME_SUBSTRINGS.c,27
MINIMUM_SUM_TWO_NUMBERS_FORMED_DIGITS_ARRAY.c,12
MINIMUM_SUM_TWO_NUMBERS_FORMED_DIGITS_ARRAY_2.c,13
MINIMUM_XOR_VALUE_PAIR_1.c,13
MINIMUM_TIME_WRITE_CHARACTERS_USING_INSERT_DELETE_COPY_OPERATION.c,14
MAKING_ELEMENTS_OF_TWO_ARRAYS_SAME_WITH_MINIMUM_INCREMENTDECREMENT.c,12
MULTIPLY_LARGE_INTEGERS_UNDER_LARGE_MODULO.c,11
MAXIMIZE_SUM_ARRII.c,9
MAXIMIZE_SUM_CONSECUTIVE_DIFFERENCES_CIRCULAR_ARRAY.c,12
MAXIMUM_HEIGHT_OF_TRIANGULAR_ARRANGEMENT_OF_ARRAY_VALUES.c,12
NUMBER_SUBSEQUENCES_STRING_DIVISIBLE_N.c,19
NUMBER_SUBSTRINGS_STRING.c,5
MAXIMUM_NUMBER_SEGMENTS_LENGTHS_B_C.c,16
NUMBER_WHICH_HAS_THE_MAXIMUM_NUMBER_OF_DISTINCT_PRIME_FACTORS_IN_RANGE_M_TO_N.c,35
ONE_LINE_FUNCTION_FOR_FACTORIAL_OF_A_NUMBER.c,4
PADOVAN_SEQUENCE.c,13
PERFECT_REVERSIBLE_STRING.c,10
POSSIBLE_FORM_TRIANGLE_ARRAY_VALUES.c,8
PRODUCT_MAXIMUM_FIRST_ARRAY_MINIMUM_SECOND.c,6
NUMBER_N_DIGITS_NON_DECREASING_INTEGERS.c,16
PRODUCT_NODES_K_TH_LEVEL_TREE_REPRESENTED_STRING.c,16
PROGRAM_CALCULATE_VOLUME_OCTAHEDRON.c,4
PROGRAM_CALCULATE_AREA_OCTAGON.c,4
PROGRAM_PRINT_SUM_GIVEN_NTH_TERM.c,8
PROGRAM_FOR_SURFACE_AREA_OF_OCTAHEDRON.c,4
NUMBER_N_DIGIT_STEPPING_NUMBERS.c,24
PROGRAM_TO_FIND_THE_VOLUME_OF_A_TRIANGULAR_PRISM.c,5
PROGRAM_TO_FIND_THE_AREA_OF_PENTAGON.c,6
PROGRAM_PRINT_SUM_GIVEN_NTH_TERM_1.c,4
NUMBER_IS_DIVISIBLE_BY_29_OR_NOT.c,9
QUICK_WAY_CHECK_CHARACTERS_STRING.c,8
SPACE_OPTIMIZED_DP_SOLUTION_0_1_KNAPSACK_PROBLEM_1.c,11
SPACE_OPTIMIZED_DP_SOLUTION_0_1_KNAPSACK_PROBLEM.c,23
SUM_PAIRWISE_PRODUCTS.c,10
SUM_SERIES_ALTERNATE_SIGNED_SQUARES_AP_1.c,4
SUBSET_SUM_DIVISIBLE_M.c,25
SUM_BINOMIAL_COEFFICIENTS_1.c,4
SUM_OF_ALL_ELEMENTS_UP_TO_NTH_ROW_IN_A_PASCALS_TRIANGLE_1.c,6
NUMBER_SUBSEQUENCES_AB_STRING_REPEATED_K_TIMES.c,15
SUM_NODES_K_TH_LEVEL_TREE_REPRESENTED_STRING.c,16
SUM_PAIRWISE_PRODUCTS_1.c,12
SUM_PAIRWISE_PRODUCTS_2.c,4
SUM_OF_ALL_ELEMENTS_UP_TO_NTH_ROW_IN_A_PASCALS_TRIANGLE.c,10
SUM_LARGEST_PRIME_FACTOR_NUMBER_LESS_EQUAL_N.c,22
SUM_SQUARES_BINOMIAL_COEFFICIENTS.c,20
SWAP_BITS_IN_A_GIVEN_NUMBER.c,9
TILING_WITH_DOMINOES.c,12
WAYS_TRANSFORMING_ONE_STRING_REMOVING_0_CHARACTERS.c,25
TOTAL_NUMBER_OF_NON_DECREASING_NUMBERS_WITH_N_DIGITS.c,24
TOTAL_NUMBER_OF_NON_DECREASING_NUMBERS_WITH_N_DIGITS_1.c,12
SUM_SERIES_ALTERNATE_SIGNED_SQUARES_AP.c,11
CAESAR_CIPHER.c,16
PROGRAM_CHECK_INPUT_INTEGER_STRING.c,7
UNBOUNDED_KNAPSACK_REPETITION_ITEMS_ALLOWED.c,12
WAYS_REMOVE_ONE_ELEMENT_BINARY_STRING_XOR_BECOMES_ZERO.c,11
PROGRAM_COUNT_OCCURRENCE_GIVEN_CHARACTER_STRING.c,8
SUM_BINOMIAL_COEFFICIENTS.c,19
SUM_SUBSETS_SET_FORMED_FIRST_N_NATURAL_NUMBERS.c,4
NUMBER_OF_BINARY_TREES_FOR_GIVEN_PREORDER_SEQUENCE_LENGTH.c,12
NUMBER_SUBSEQUENCES_FORM_AI_BJ_CK.c,14
WAYS_TO_WRITE_N_AS_SUM_OF_TWO_OR_MORE_POSITIVE_INTEGERS.c,12
WRITE_YOU_OWN_POWER_WITHOUT_USING_MULTIPLICATION_AND_DIVISION.c,18
SUM_FIBONACCI_NUMBERS.c,14
SCHEDULE_JOBS_SERVER_GETS_EQUAL_LOAD.c,43
PROGRAM_FOR_FACTORIAL_OF_A_NUMBER_2.c,4
SMALLEST_DIFFERENCE_PAIR_VALUES_TWO_UNSORTED_ARRAYS.c,13
PROGRAM_FIND_REMAINDER_LARGE_NUMBER_DIVIDED_11.c,12
REMAINDER_7_LARGE_NUMBERS.c,17
PROGRAM_FOR_FACTORIAL_OF_A_NUMBER_1.c,8
PROGRAM_CALCULATE_VOLUME_ELLIPSOID.c,5
PAINTING_FENCE_ALGORITHM.c,15
