MAXIMIZE_ARRAY_ELEMENTS_UPTO_GIVEN_NUMBER.c,TranslateResult.SUCCESS
SCHEDULE_JOBS_SERVER_GETS_EQUAL_LOAD.c,TranslateResult.SUCCESS
MEDIAN_OF_TWO_SORTED_ARRAYS.c,TranslateResult.SUCCESS
LENGTH_OF_THE_LONGEST_ARITHMATIC_PROGRESSION_IN_A_SORTED_ARRAY.c,TranslateResult.SUCCESS
MAXIMUM_SUM_ALTERNATING_SUBSEQUENCE_SUM.c,TranslateResult.SUCCESS
FIND_EQUAL_POINT_STRING_BRACKETS.c,TranslateResult.SUCCESS
MAXIMUM_PRODUCT_SUBARRAY_ADDED_NEGATIVE_PRODUCT_CASE.c,TranslateResult.SUCCESS
COUNT_ROTATIONS_DIVISIBLE_8.c,TranslateResult.SUCCESS
FIND_LARGEST_D_IN_ARRAY_SUCH_THAT_A_B_C_D.c,TranslateResult.SUCCESS
CHECK_IF_X_CAN_GIVE_CHANGE_TO_EVERY_PERSON_IN_THE_QUEUE.c,TranslateResult.SUCCESS
LONGEST_COMMON_SUBSTRING_SPACE_OPTIMIZED_DP_SOLUTION.c,TranslateResult.SUCCESS
MINIMUM_PRODUCT_SUBSET_ARRAY.c,TranslateResult.SUCCESS
MINIMUM_STEPS_TO_DELETE_A_STRING_AFTER_REPEATED_DELETION_OF_PALINDROME_SUBSTRINGS.c,TranslateResult.SUCCESS
FIND_THE_MINIMUM_DISTANCE_BETWEEN_TWO_NUMBERS_1.c,TranslateResult.SUCCESS
LONGEST_PREFIX_ALSO_SUFFIX_1.c,TranslateResult.SUCCESS
MAXIMUM_PRODUCT_SUBSET_ARRAY.c,TranslateResult.SUCCESS
MAXIMUM_SUM_SUBARRAY_REMOVING_ONE_ELEMENT.c,TranslateResult.SUCCESS
DYNAMIC_PROGRAMMING_SET_8_MATRIX_CHAIN_MULTIPLICATION_1.c,TranslateResult.SUCCESS
LCS_FORMED_CONSECUTIVE_SEGMENTS_LEAST_LENGTH_K.c,TranslateResult.SUCCESS
SUBSET_SUM_DIVISIBLE_M.c,TranslateResult.SUCCESS
MAXIMUM_PROFIT_BY_BUYING_AND_SELLING_A_SHARE_AT_MOST_K_TIMES.c,TranslateResult.SUCCESS
CHECK_REVERSING_SUB_ARRAY_MAKE_ARRAY_SORTED.c,TranslateResult.SUCCESS
COUNT_DISTINCT_OCCURRENCES_AS_A_SUBSEQUENCE.c,TranslateResult.SUCCESS
FIND_MAXIMUM_HEIGHT_PYRAMID_FROM_THE_GIVEN_ARRAY_OF_OBJECTS.c,TranslateResult.SUCCESS
GIVEN_A_SORTED_AND_ROTATED_ARRAY_FIND_IF_THERE_IS_A_PAIR_WITH_A_GIVEN_SUM_1.c,TranslateResult.SUCCESS
LONGEST_COMMON_INCREASING_SUBSEQUENCE_LCS_LIS.c,TranslateResult.SUCCESS
MAXIMUM_POSSIBLE_DIFFERENCE_TWO_SUBSETS_ARRAY.c,TranslateResult.SUCCESS
REMOVE_MINIMUM_ELEMENTS_EITHER_SIDE_2MIN_MAX.c,TranslateResult.SUCCESS
TEMPLE_OFFERINGS.c,TranslateResult.SUCCESS
CHECK_REVERSING_SUB_ARRAY_MAKE_ARRAY_SORTED_1.c,TranslateResult.SUCCESS
COUNT_PAIRS_WHOSE_PRODUCTS_EXIST_IN_ARRAY.c,TranslateResult.SUCCESS
FIND_A_ROTATION_WITH_MAXIMUM_HAMMING_DISTANCE.c,TranslateResult.SUCCESS
FIND_MAXIMUM_SUM_POSSIBLE_EQUAL_SUM_THREE_STACKS.c,TranslateResult.SUCCESS
FREQUENT_ELEMENT_ARRAY.c,TranslateResult.SUCCESS
