program,clippy_warnings,clippy_errors,unsafe_fraction
SCHEDULE_JOBS_SERVER_GETS_EQUAL_LOAD.c,1,0,0.0
COUNT_PALINDROME_SUB_STRINGS_STRING.c,2,0,0.0
MAXIMUM_SUM_ALTERNATING_SUBSEQUENCE_SUM.c,0,0,0.0
FIND_EQUAL_POINT_STRING_BRACKETS.c,0,0,0.0
MAXIMUM_PRODUCT_SUBARRAY_ADDED_NEGATIVE_PRODUCT_CASE.c,1,0,0.0
CHECK_POSSIBLE_TRANSFORM_ONE_STRING_ANOTHER.c,1,0,0.0
MINIMUM_PRODUCT_SUBSET_ARRAY.c,0,0,0.0
MINIMUM_STEPS_TO_DELETE_A_STRING_AFTER_REPEATED_DELETION_OF_PALINDROME_SUBSTRINGS.c,1,0,0.0
LONGEST_PREFIX_ALSO_SUFFIX_1.c,0,0,0.0
MAXIMUM_PRODUCT_SUBSET_ARRAY.c,0,0,0.0
LCS_FORMED_CONSECUTIVE_SEGMENTS_LEAST_LENGTH_K.c,0,0,0.0
NUMBER_N_DIGIT_STEPPING_NUMBERS.c,0,0,0.0
TOTAL_NUMBER_OF_NON_DECREASING_NUMBERS_WITH_N_DIGITS.c,2,0,0.0
COUNT_DISTINCT_OCCURRENCES_AS_A_SUBSEQUENCE.c,0,0,0.0
MAXIMUM_CONSECUTIVE_REPEATING_CHARACTER_STRING.c,0,0,0.0
SUM_LARGEST_PRIME_FACTOR_NUMBER_LESS_EQUAL_N.c,0,0,0.0
COUNT_PALINDROMIC_SUBSEQUENCE_GIVEN_STRING.c,1,0,0.0
COUNT_STRINGS_ADJACENT_CHARACTERS_DIFFERENCE_ONE.c,0,0,0.0
LONGEST_REPEATING_SUBSEQUENCE.c,0,0,0.0
FIND_SUM_EVEN_INDEX_BINOMIAL_COEFFICIENTS.c,0,0,0.0
HIGHWAY_BILLBOARD_PROBLEM.c,0,0,0.0
MAXIMUM_BINOMIAL_COEFFICIENT_TERM_VALUE.c,0,0,0.0
MAXIMUM_TRIPLET_SUM_ARRAY_2.c,3,3,0.0
NUMBER_SUBSEQUENCES_STRING_DIVISIBLE_N.c,0,0,0.0
SUM_BINOMIAL_COEFFICIENTS.c,0,0,0.0
COUNT_POSSIBLE_GROUPS_SIZE_2_3_SUM_MULTIPLE_3.c,0,0,0.0
DICE_THROW_PROBLEM_1.c,0,0,0.0
COUNTS_PATHS_POINT_REACH_ORIGIN_1.c,1,0,0.0
DICE_THROW_PROBLEM.c,0,0,0.0
HOW_TO_PRINT_MAXIMUM_NUMBER_OF_A_USING_GIVEN_FOUR_KEYS.c,0,0,0.0
FIND_WHETHER_AN_ARRAY_IS_SUBSET_OF_ANOTHER_ARRAY_SET_1.c,0,0,0.0
MAXIMUM_NUMBER_SEGMENTS_LENGTHS_B_C.c,0,0,0.0
NUMBER_N_DIGITS_NON_DECREASING_INTEGERS.c,1,0,0.0
PRODUCT_NODES_K_TH_LEVEL_TREE_REPRESENTED_STRING.c,0,0,0.0
SUM_NODES_K_TH_LEVEL_TREE_REPRESENTED_STRING.c,0,0,0.0
COUNT_POSSIBLE_WAYS_TO_CONSTRUCT_BUILDINGS.c,0,0,0.0
FIND_ONE_EXTRA_CHARACTER_STRING_1.c,0,0,0.0
FRIENDS_PAIRING_PROBLEM_2.c,0,0,0.0
BELL_NUMBERS_NUMBER_OF_WAYS_TO_PARTITION_A_SET.c,0,0,0.0
CHECK_OCCURRENCES_CHARACTER_APPEAR_TOGETHER.c,0,0,0.0
CHECK_STRING_FOLLOWS_ANBN_PATTERN_NOT.c,0,0,0.0
COMPUTE_NCR_P_SET_1_INTRODUCTION_AND_DYNAMIC_PROGRAMMING_SOLUTION.c,1,0,0.0
EVEN_FIBONACCI_NUMBERS_SUM.c,0,0,0.0
FIND_POSITION_GIVEN_NUMBER_AMONG_NUMBERS_MADE_4_7.c,0,0,0.0
MINIMUM_TIME_WRITE_CHARACTERS_USING_INSERT_DELETE_COPY_OPERATION.c,0,0,0.0
SUM_FIBONACCI_NUMBERS.c,0,0,0.0
CONVERTING_ONE_STRING_USING_APPEND_DELETE_LAST_OPERATIONS.c,0,0,0.0
COUNT_NUMBER_WAYS_TILE_FLOOR_SIZE_N_X_M_USING_1_X_M_SIZE_TILES.c,1,0,0.0
COUNT_NUMBER_OF_WAYS_TO_FILL_A_N_X_4_GRID_USING_1_X_4_TILES.c,0,0,0.0
COUNT_WAYS_BUILD_STREET_GIVEN_CONSTRAINTS.c,0,0,0.0
PADOVAN_SEQUENCE.c,4,0,0.0
COUNT_NUMBER_BINARY_STRINGS_WITHOUT_CONSECUTIVE_1S.c,0,0,0.0
FIND_FIRST_NATURAL_NUMBER_WHOSE_FACTORIAL_DIVISIBLE_X.c,0,0,0.0
FIND_LAST_DIGIT_FACTORIAL_DIVIDES_FACTORIAL_B.c,0,0,0.0
MAXIMUM_HEIGHT_OF_TRIANGULAR_ARRANGEMENT_OF_ARRAY_VALUES.c,1,0,0.0
SUM_PAIRWISE_PRODUCTS_1.c,0,0,0.0
TILING_WITH_DOMINOES.c,0,0,0.0
TOTAL_NUMBER_OF_NON_DECREASING_NUMBERS_WITH_N_DIGITS_1.c,0,0,0.0
UNBOUNDED_KNAPSACK_REPETITION_ITEMS_ALLOWED.c,1,0,0.0
NUMBER_OF_BINARY_TREES_FOR_GIVEN_PREORDER_SEQUENCE_LENGTH.c,0,0,0.0
WAYS_TO_WRITE_N_AS_SUM_OF_TWO_OR_MORE_POSITIVE_INTEGERS.c,0,0,0.0
CALCULATE_MAXIMUM_VALUE_USING_SIGN_TWO_NUMBERS_STRING.c,0,0,0.0
COUNT_CHARACTERS_STRING_DISTANCE_ENGLISH_ALPHABETS.c,0,0,0.0
COUNT_EVEN_LENGTH_BINARY_SEQUENCES_WITH_SAME_SUM_OF_FIRST_AND_SECOND_HALF_BITS_1.c,1,0,0.0
COUNT_POSSIBLE_PATHS_TOP_LEFT_BOTTOM_RIGHT_NXM_MATRIX_3.c,0,0,0.0
COUNT_SUBSTRINGS_WITH_SAME_FIRST_AND_LAST_CHARACTERS.c,0,0,0.0
MINIMUM_CHARACTERS_ADDED_FRONT_MAKE_STRING_PALINDROME.c,0,0,0.0
MULTIPLY_LARGE_INTEGERS_UNDER_LARGE_MODULO.c,0,0,0.0
SPACE_OPTIMIZED_DP_SOLUTION_0_1_KNAPSACK_PROBLEM_1.c,1,0,0.0
CHECK_LARGE_NUMBER_DIVISIBLE_6_NOT.c,0,0,0.0
COUNT_OFDIFFERENT_WAYS_EXPRESS_N_SUM_1_3_4.c,0,0,0.0
DOUBLE_FACTORIAL_1.c,0,0,0.0
DYNAMIC_PROGRAMMING_SET_36_CUT_A_ROPE_TO_MAXIMIZE_PRODUCT_1.c,0,0,0.0
PERFECT_REVERSIBLE_STRING.c,0,0,0.0
SUM_PAIRWISE_PRODUCTS.c,0,0,0.0
CHECK_LARGE_NUMBER_DIVISIBLE_3_NOT.c,0,0,0.0
CHECK_LARGE_NUMBER_DIVISIBLE_9_NOT.c,0,0,0.0
CHANGE_BITS_CAN_MADE_ONE_FLIP_1.c,0,0,0.0
